,Id,Time,Steps,Sleep,HeartRate
0,4020332650,2016-04-12 00:00:00+00:00,0,1.0,63.5
1,4020332650,2016-04-12 00:01:00+00:00,0,1.0,65.91304347826087
2,4020332650,2016-04-12 00:02:00+00:00,0,1.0,67.0
3,4020332650,2016-04-12 00:03:00+00:00,0,1.0,67.0
4,4020332650,2016-04-12 00:04:00+00:00,0,1.0,67.0
5,4020332650,2016-04-12 00:05:00+00:00,0,1.0,67.91304347826087
6,4020332650,2016-04-12 00:06:00+00:00,0,1.0,70.0
7,4020332650,2016-04-12 00:07:00+00:00,0,1.0,70.0
8,4020332650,2016-04-12 00:08:00+00:00,0,1.0,70.0
9,4020332650,2016-04-12 00:09:00+00:00,0,2.0,73.96153846153847
10,4020332650,2016-04-12 00:10:00+00:00,0,1.0,65.22222222222223
11,4020332650,2016-04-12 00:11:00+00:00,0,1.0,62.28
12,4020332650,2016-04-12 00:12:00+00:00,0,1.0,65.0
13,4020332650,2016-04-12 00:13:00+00:00,0,1.0,65.0
14,4020332650,2016-04-12 00:14:00+00:00,0,1.0,65.0
15,4020332650,2016-04-12 00:15:00+00:00,0,1.0,65.0
16,4020332650,2016-04-12 00:16:00+00:00,0,1.0,65.0
23,4020332650,2016-04-12 00:23:00+00:00,0,1.0,76.26315789473684
24,4020332650,2016-04-12 00:24:00+00:00,0,1.0,77.0
25,4020332650,2016-04-12 00:25:00+00:00,0,1.0,58.52173913043478
26,4020332650,2016-04-12 00:26:00+00:00,0,1.0,60.0
27,4020332650,2016-04-12 00:27:00+00:00,0,1.0,60.0
28,4020332650,2016-04-12 00:28:00+00:00,0,1.0,60.95
29,4020332650,2016-04-12 00:29:00+00:00,0,1.0,61.0
30,4020332650,2016-04-12 00:30:00+00:00,0,1.0,61.0
31,4020332650,2016-04-12 00:31:00+00:00,0,1.0,62.22222222222222
32,4020332650,2016-04-12 00:32:00+00:00,0,1.0,63.08
33,4020332650,2016-04-12 00:33:00+00:00,0,1.0,63.0
34,4020332650,2016-04-12 00:34:00+00:00,0,1.0,63.0
35,4020332650,2016-04-12 00:35:00+00:00,0,1.0,63.0
36,4020332650,2016-04-12 00:36:00+00:00,0,1.0,63.0
37,4020332650,2016-04-12 00:37:00+00:00,0,1.0,63.0
38,4020332650,2016-04-12 00:38:00+00:00,0,1.0,63.0
39,4020332650,2016-04-12 00:39:00+00:00,0,1.0,63.0
40,4020332650,2016-04-12 00:40:00+00:00,0,1.0,63.0
41,4020332650,2016-04-12 00:41:00+00:00,0,1.0,63.0
42,4020332650,2016-04-12 00:42:00+00:00,0,1.0,63.0
43,4020332650,2016-04-12 00:43:00+00:00,0,1.0,63.0
44,4020332650,2016-04-12 00:44:00+00:00,0,1.0,63.0
45,4020332650,2016-04-12 00:45:00+00:00,0,1.0,63.583333333333336
46,4020332650,2016-04-12 00:46:00+00:00,0,1.0,68.10714285714286
47,4020332650,2016-04-12 00:47:00+00:00,0,1.0,63.138888888888886
48,4020332650,2016-04-12 00:48:00+00:00,0,2.0,72.07692307692308
49,4020332650,2016-04-12 00:49:00+00:00,0,2.0,65.08333333333333
50,4020332650,2016-04-12 00:50:00+00:00,0,1.0,73.68
51,4020332650,2016-04-12 00:51:00+00:00,0,1.0,76.375
52,4020332650,2016-04-12 00:52:00+00:00,0,1.0,75.95833333333333
53,4020332650,2016-04-12 00:53:00+00:00,0,1.0,66.25
54,4020332650,2016-04-12 00:54:00+00:00,0,1.0,65.65384615384616
55,4020332650,2016-04-12 00:55:00+00:00,0,1.0,67.25806451612904
56,4020332650,2016-04-12 00:56:00+00:00,0,1.0,64.28
57,4020332650,2016-04-12 00:57:00+00:00,0,1.0,67.64
58,4020332650,2016-04-12 00:58:00+00:00,0,1.0,67.52173913043478
59,4020332650,2016-04-12 00:59:00+00:00,0,1.0,67.34782608695652
60,4020332650,2016-04-12 01:00:00+00:00,0,1.0,67.43333333333334
61,4020332650,2016-04-12 01:01:00+00:00,0,1.0,65.92
62,4020332650,2016-04-12 01:02:00+00:00,0,1.0,64.52
63,4020332650,2016-04-12 01:03:00+00:00,0,1.0,66.17391304347827
64,4020332650,2016-04-12 01:04:00+00:00,0,1.0,68.48275862068965
65,4020332650,2016-04-12 01:05:00+00:00,0,1.0,65.44
66,4020332650,2016-04-12 01:06:00+00:00,0,1.0,67.47619047619048
67,4020332650,2016-04-12 01:07:00+00:00,0,1.0,62.8
68,4020332650,2016-04-12 01:08:00+00:00,0,1.0,56.04545454545455
69,4020332650,2016-04-12 01:09:00+00:00,0,1.0,57.48275862068966
70,4020332650,2016-04-12 01:10:00+00:00,0,1.0,59.92592592592592
71,4020332650,2016-04-12 01:11:00+00:00,0,1.0,62.8125
72,4020332650,2016-04-12 01:12:00+00:00,0,1.0,59.95652173913044
73,4020332650,2016-04-12 01:13:00+00:00,0,1.0,63.41379310344828
74,4020332650,2016-04-12 01:14:00+00:00,0,1.0,61.17857142857143
75,4020332650,2016-04-12 01:15:00+00:00,0,1.0,60.63333333333333
76,4020332650,2016-04-12 01:16:00+00:00,0,2.0,64.08
77,4020332650,2016-04-12 01:17:00+00:00,0,1.0,60.25
78,4020332650,2016-04-12 01:18:00+00:00,0,1.0,58.93103448275862
79,4020332650,2016-04-12 01:19:00+00:00,0,1.0,63.72413793103448
80,4020332650,2016-04-12 01:20:00+00:00,0,1.0,62.333333333333336
81,4020332650,2016-04-12 01:21:00+00:00,0,1.0,64.42105263157895
82,4020332650,2016-04-12 01:22:00+00:00,0,1.0,65.87096774193549
83,4020332650,2016-04-12 01:23:00+00:00,0,1.0,63.71875
84,4020332650,2016-04-12 01:24:00+00:00,0,1.0,61.42857142857143
85,4020332650,2016-04-12 01:25:00+00:00,0,1.0,63.77777777777778
86,4020332650,2016-04-12 01:26:00+00:00,0,1.0,65.33333333333333
87,4020332650,2016-04-12 01:27:00+00:00,0,1.0,68.72413793103448
88,4020332650,2016-04-12 01:28:00+00:00,0,1.0,63.25806451612903
89,4020332650,2016-04-12 01:29:00+00:00,0,1.0,56.58620689655172
90,4020332650,2016-04-12 01:30:00+00:00,0,1.0,61.58974358974359
91,4020332650,2016-04-12 01:31:00+00:00,0,1.0,64.78260869565217
92,4020332650,2016-04-12 01:32:00+00:00,0,1.0,67.72727272727273
93,4020332650,2016-04-12 01:33:00+00:00,0,1.0,65.89655172413794
94,4020332650,2016-04-12 01:34:00+00:00,0,1.0,64.58064516129032
95,4020332650,2016-04-12 01:35:00+00:00,0,1.0,63.66666666666666
96,4020332650,2016-04-12 01:36:00+00:00,0,1.0,63.75
97,4020332650,2016-04-12 01:37:00+00:00,0,1.0,64.8529411764706
98,4020332650,2016-04-12 01:38:00+00:00,0,1.0,62.93333333333333
99,4020332650,2016-04-12 01:39:00+00:00,0,1.0,64.31428571428572
100,4020332650,2016-04-12 01:40:00+00:00,0,1.0,63.10714285714285
101,4020332650,2016-04-12 01:41:00+00:00,0,1.0,68.0
102,4020332650,2016-04-12 01:42:00+00:00,0,1.0,62.4
103,4020332650,2016-04-12 01:43:00+00:00,0,1.0,62.83870967741935
104,4020332650,2016-04-12 01:44:00+00:00,0,1.0,63.3
105,4020332650,2016-04-12 01:45:00+00:00,0,1.0,64.47058823529412
106,4020332650,2016-04-12 01:46:00+00:00,0,1.0,65.51724137931035
107,4020332650,2016-04-12 01:47:00+00:00,0,1.0,65.88888888888889
108,4020332650,2016-04-12 01:48:00+00:00,0,1.0,64.0909090909091
109,4020332650,2016-04-12 01:49:00+00:00,0,1.0,64.93103448275862
110,4020332650,2016-04-12 01:50:00+00:00,0,1.0,61.91666666666666
111,4020332650,2016-04-12 01:51:00+00:00,0,1.0,64.55555555555556
112,4020332650,2016-04-12 01:52:00+00:00,0,1.0,65.07142857142857
113,4020332650,2016-04-12 01:53:00+00:00,0,1.0,63.51515151515152
114,4020332650,2016-04-12 01:54:00+00:00,0,1.0,61.375
115,4020332650,2016-04-12 01:55:00+00:00,0,1.0,61.625
116,4020332650,2016-04-12 01:56:00+00:00,0,1.0,61.26923076923077
117,4020332650,2016-04-12 01:57:00+00:00,0,1.0,60.7037037037037
118,4020332650,2016-04-12 01:58:00+00:00,0,1.0,59.76
119,4020332650,2016-04-12 01:59:00+00:00,0,1.0,60.625
120,4020332650,2016-04-12 02:00:00+00:00,0,1.0,61.19230769230769
121,4020332650,2016-04-12 02:01:00+00:00,0,1.0,61.6
122,4020332650,2016-04-12 02:02:00+00:00,0,1.0,61.64
123,4020332650,2016-04-12 02:03:00+00:00,0,1.0,62.333333333333336
124,4020332650,2016-04-12 02:04:00+00:00,0,1.0,61.91304347826087
125,4020332650,2016-04-12 02:05:00+00:00,0,1.0,61.30434782608695
126,4020332650,2016-04-12 02:06:00+00:00,0,1.0,61.4
127,4020332650,2016-04-12 02:07:00+00:00,0,1.0,60.41379310344828
128,4020332650,2016-04-12 02:08:00+00:00,0,1.0,60.73076923076923
129,4020332650,2016-04-12 02:09:00+00:00,0,1.0,60.17391304347826
130,4020332650,2016-04-12 02:10:00+00:00,0,1.0,59.76
131,4020332650,2016-04-12 02:11:00+00:00,0,1.0,60.21739130434783
132,4020332650,2016-04-12 02:12:00+00:00,0,1.0,60.75
133,4020332650,2016-04-12 02:13:00+00:00,0,1.0,60.65217391304348
134,4020332650,2016-04-12 02:14:00+00:00,0,1.0,60.5
135,4020332650,2016-04-12 02:15:00+00:00,0,1.0,61.4
136,4020332650,2016-04-12 02:16:00+00:00,0,1.0,62.625
137,4020332650,2016-04-12 02:17:00+00:00,0,1.0,61.583333333333336
138,4020332650,2016-04-12 02:18:00+00:00,0,1.0,60.75
139,4020332650,2016-04-12 02:19:00+00:00,0,1.0,61.333333333333336
140,4020332650,2016-04-12 02:20:00+00:00,0,1.0,62.45454545454545
141,4020332650,2016-04-12 02:21:00+00:00,0,1.0,62.45454545454545
142,4020332650,2016-04-12 02:22:00+00:00,0,1.0,60.65217391304348
143,4020332650,2016-04-12 02:23:00+00:00,0,1.0,60.22222222222222
144,4020332650,2016-04-12 02:24:00+00:00,0,1.0,54.5
145,4020332650,2016-04-12 02:25:00+00:00,0,2.0,53.869565217391305
146,4020332650,2016-04-12 02:26:00+00:00,0,2.0,54.59090909090909
147,4020332650,2016-04-12 02:27:00+00:00,0,1.0,54.583333333333336
148,4020332650,2016-04-12 02:28:00+00:00,0,1.0,56.0
149,4020332650,2016-04-12 02:29:00+00:00,0,1.0,55.78260869565217
150,4020332650,2016-04-12 02:30:00+00:00,0,1.0,56.95454545454545
151,4020332650,2016-04-12 02:31:00+00:00,0,1.0,57.869565217391305
152,4020332650,2016-04-12 02:32:00+00:00,0,1.0,58.22727272727273
153,4020332650,2016-04-12 02:33:00+00:00,0,1.0,58.083333333333336
154,4020332650,2016-04-12 02:34:00+00:00,0,1.0,57.91304347826087
155,4020332650,2016-04-12 02:35:00+00:00,0,1.0,59.391304347826086
156,4020332650,2016-04-12 02:36:00+00:00,0,1.0,59.78260869565217
157,4020332650,2016-04-12 02:37:00+00:00,0,1.0,61.0
158,4020332650,2016-04-12 02:38:00+00:00,0,1.0,61.0
159,4020332650,2016-04-12 02:39:00+00:00,0,1.0,61.0
160,4020332650,2016-04-12 02:40:00+00:00,0,1.0,61.0
161,4020332650,2016-04-12 02:41:00+00:00,0,1.0,61.0
162,4020332650,2016-04-12 02:42:00+00:00,0,1.0,61.0
163,4020332650,2016-04-12 02:43:00+00:00,0,1.0,61.0
164,4020332650,2016-04-12 02:44:00+00:00,0,1.0,61.0
165,4020332650,2016-04-12 02:45:00+00:00,0,1.0,60.77272727272727
166,4020332650,2016-04-12 02:46:00+00:00,0,1.0,61.66666666666666
167,4020332650,2016-04-12 02:47:00+00:00,0,1.0,58.625
168,4020332650,2016-04-12 02:48:00+00:00,0,1.0,58.72
169,4020332650,2016-04-12 02:49:00+00:00,0,1.0,58.74074074074074
170,4020332650,2016-04-12 02:50:00+00:00,0,1.0,60.958333333333336
171,4020332650,2016-04-12 02:51:00+00:00,0,1.0,62.21739130434783
172,4020332650,2016-04-12 02:52:00+00:00,0,1.0,62.07142857142857
173,4020332650,2016-04-12 02:53:00+00:00,0,1.0,63.27272727272727
174,4020332650,2016-04-12 02:54:00+00:00,0,1.0,59.58620689655172
175,4020332650,2016-04-12 02:55:00+00:00,0,1.0,55.18518518518518
176,4020332650,2016-04-12 02:56:00+00:00,0,1.0,59.39393939393939
177,4020332650,2016-04-12 02:57:00+00:00,0,2.0,60.1
178,4020332650,2016-04-12 02:58:00+00:00,0,1.0,58.60714285714285
179,4020332650,2016-04-12 02:59:00+00:00,0,1.0,63.18518518518518
180,4020332650,2016-04-12 03:00:00+00:00,0,1.0,63.85714285714285
181,4020332650,2016-04-12 03:01:00+00:00,0,1.0,62.648648648648646
182,4020332650,2016-04-12 03:02:00+00:00,0,1.0,64.3529411764706
183,4020332650,2016-04-12 03:03:00+00:00,0,1.0,63.06896551724138
184,4020332650,2016-04-12 03:04:00+00:00,0,1.0,61.2258064516129
185,4020332650,2016-04-12 03:05:00+00:00,0,1.0,61.0625
186,4020332650,2016-04-12 03:06:00+00:00,0,1.0,62.785714285714285
187,4020332650,2016-04-12 03:07:00+00:00,0,1.0,62.46875
188,4020332650,2016-04-12 03:08:00+00:00,0,1.0,58.42857142857143
189,4020332650,2016-04-12 03:09:00+00:00,0,1.0,61.885714285714286
190,4020332650,2016-04-12 03:10:00+00:00,0,1.0,60.89655172413793
191,4020332650,2016-04-12 03:11:00+00:00,0,1.0,62.142857142857146
192,4020332650,2016-04-12 03:12:00+00:00,0,1.0,63.06060606060606
193,4020332650,2016-04-12 03:13:00+00:00,0,1.0,62.34375
194,4020332650,2016-04-12 03:14:00+00:00,0,1.0,61.92592592592592
195,4020332650,2016-04-12 03:15:00+00:00,0,1.0,61.06896551724138
196,4020332650,2016-04-12 03:16:00+00:00,0,1.0,64.46875
197,4020332650,2016-04-12 03:17:00+00:00,0,1.0,64.8076923076923
198,4020332650,2016-04-12 03:18:00+00:00,0,1.0,62.85294117647059
199,4020332650,2016-04-12 03:19:00+00:00,0,1.0,63.18421052631579
200,4020332650,2016-04-12 03:20:00+00:00,0,1.0,62.29032258064516
201,4020332650,2016-04-12 03:21:00+00:00,0,1.0,60.088235294117645
202,4020332650,2016-04-12 03:22:00+00:00,0,1.0,63.56521739130435
203,4020332650,2016-04-12 03:23:00+00:00,0,1.0,63.46875
204,4020332650,2016-04-12 03:24:00+00:00,0,1.0,59.81481481481482
205,4020332650,2016-04-12 03:25:00+00:00,0,1.0,54.5925925925926
206,4020332650,2016-04-12 03:26:00+00:00,0,1.0,56.03333333333333
207,4020332650,2016-04-12 03:27:00+00:00,0,1.0,56.53846153846154
208,4020332650,2016-04-12 03:28:00+00:00,0,1.0,58.13793103448276
209,4020332650,2016-04-12 03:29:00+00:00,0,1.0,58.69230769230769
210,4020332650,2016-04-12 03:30:00+00:00,0,1.0,59.10714285714285
211,4020332650,2016-04-12 03:31:00+00:00,0,1.0,60.0
212,4020332650,2016-04-12 03:32:00+00:00,0,1.0,61.66666666666666
213,4020332650,2016-04-12 03:33:00+00:00,0,1.0,59.708333333333336
214,4020332650,2016-04-12 03:34:00+00:00,0,1.0,59.583333333333336
215,4020332650,2016-04-12 03:35:00+00:00,0,1.0,59.88
216,4020332650,2016-04-12 03:36:00+00:00,0,1.0,60.0
217,4020332650,2016-04-12 03:37:00+00:00,0,1.0,61.74074074074074
218,4020332650,2016-04-12 03:38:00+00:00,0,1.0,63.958333333333336
219,4020332650,2016-04-12 03:39:00+00:00,0,1.0,66.91666666666667
220,4020332650,2016-04-12 03:40:00+00:00,0,1.0,66.0
221,4020332650,2016-04-12 03:41:00+00:00,0,1.0,66.0
222,4020332650,2016-04-12 03:42:00+00:00,0,2.0,66.0
223,4020332650,2016-04-12 03:43:00+00:00,0,1.0,65.4090909090909
224,4020332650,2016-04-12 03:44:00+00:00,0,1.0,64.25
225,4020332650,2016-04-12 03:45:00+00:00,0,1.0,62.2
226,4020332650,2016-04-12 03:46:00+00:00,0,1.0,62.0
227,4020332650,2016-04-12 03:47:00+00:00,0,1.0,61.04347826086956
228,4020332650,2016-04-12 03:48:00+00:00,0,1.0,59.03703703703704
229,4020332650,2016-04-12 03:49:00+00:00,0,1.0,56.875
230,4020332650,2016-04-12 03:50:00+00:00,0,1.0,56.46153846153846
231,4020332650,2016-04-12 03:51:00+00:00,0,1.0,58.392857142857146
232,4020332650,2016-04-12 03:52:00+00:00,0,1.0,58.04347826086956
233,4020332650,2016-04-12 03:53:00+00:00,0,1.0,58.81481481481482
234,4020332650,2016-04-12 03:54:00+00:00,0,1.0,59.37037037037037
235,4020332650,2016-04-12 03:55:00+00:00,0,1.0,59.84
236,4020332650,2016-04-12 03:56:00+00:00,0,1.0,61.76
237,4020332650,2016-04-12 03:57:00+00:00,0,1.0,61.66666666666666
238,4020332650,2016-04-12 03:58:00+00:00,0,1.0,60.24
239,4020332650,2016-04-12 03:59:00+00:00,0,1.0,59.96153846153846
240,4020332650,2016-04-12 04:00:00+00:00,0,1.0,60.333333333333336
241,4020332650,2016-04-12 04:01:00+00:00,0,1.0,60.8
242,4020332650,2016-04-12 04:02:00+00:00,0,1.0,61.22222222222222
243,4020332650,2016-04-12 04:03:00+00:00,0,1.0,60.84
244,4020332650,2016-04-12 04:04:00+00:00,0,1.0,61.53846153846154
245,4020332650,2016-04-12 04:05:00+00:00,0,1.0,62.13793103448276
246,4020332650,2016-04-12 04:06:00+00:00,0,1.0,61.629629629629626
247,4020332650,2016-04-12 04:07:00+00:00,0,1.0,61.46428571428572
248,4020332650,2016-04-12 04:08:00+00:00,0,1.0,62.35714285714285
249,4020332650,2016-04-12 04:09:00+00:00,0,1.0,63.30769230769231
250,4020332650,2016-04-12 04:10:00+00:00,0,1.0,63.10714285714285
251,4020332650,2016-04-12 04:11:00+00:00,0,2.0,67.61764705882354
252,4020332650,2016-04-12 04:12:00+00:00,8,2.0,68.73333333333333
253,4020332650,2016-04-12 04:13:00+00:00,0,3.0,69.88461538461539
254,4020332650,2016-04-12 04:14:00+00:00,0,2.0,62.708333333333336
255,4020332650,2016-04-12 04:15:00+00:00,0,2.0,60.2962962962963
256,4020332650,2016-04-12 04:16:00+00:00,0,2.0,69.44
257,4020332650,2016-04-12 04:17:00+00:00,0,1.0,60.16
258,4020332650,2016-04-12 04:18:00+00:00,0,1.0,60.54166666666666
259,4020332650,2016-04-12 04:19:00+00:00,0,1.0,64.65384615384616
260,4020332650,2016-04-12 04:20:00+00:00,0,1.0,61.72
261,4020332650,2016-04-12 04:21:00+00:00,0,1.0,58.66666666666666
262,4020332650,2016-04-12 04:22:00+00:00,0,1.0,64.26923076923077
263,4020332650,2016-04-12 04:23:00+00:00,0,1.0,68.44
264,4020332650,2016-04-12 04:24:00+00:00,0,1.0,67.58333333333333
265,4020332650,2016-04-12 04:25:00+00:00,0,1.0,63.25
266,4020332650,2016-04-12 04:26:00+00:00,0,1.0,59.888888888888886
267,4020332650,2016-04-12 04:27:00+00:00,0,1.0,55.6
268,4020332650,2016-04-12 04:28:00+00:00,0,1.0,60.14814814814815
269,4020332650,2016-04-12 04:29:00+00:00,0,1.0,61.75
270,4020332650,2016-04-12 04:30:00+00:00,0,1.0,60.54166666666666
271,4020332650,2016-04-12 04:31:00+00:00,0,1.0,58.0
272,4020332650,2016-04-12 04:32:00+00:00,0,1.0,55.91304347826087
273,4020332650,2016-04-12 04:33:00+00:00,0,1.0,59.3
274,4020332650,2016-04-12 04:34:00+00:00,0,1.0,58.42857142857143
275,4020332650,2016-04-12 04:35:00+00:00,0,1.0,60.206896551724135
276,4020332650,2016-04-12 04:36:00+00:00,0,1.0,60.80769230769231
277,4020332650,2016-04-12 04:37:00+00:00,0,1.0,57.25
278,4020332650,2016-04-12 04:38:00+00:00,0,1.0,60.23076923076923
279,4020332650,2016-04-12 04:39:00+00:00,0,1.0,54.72727272727273
280,4020332650,2016-04-12 04:40:00+00:00,0,1.0,56.68
281,4020332650,2016-04-12 04:41:00+00:00,0,1.0,59.22727272727273
282,4020332650,2016-04-12 04:42:00+00:00,0,1.0,56.12
283,4020332650,2016-04-12 04:43:00+00:00,0,1.0,58.333333333333336
284,4020332650,2016-04-12 04:44:00+00:00,0,2.0,61.875
285,4020332650,2016-04-12 04:45:00+00:00,0,2.0,60.17391304347826
286,4020332650,2016-04-12 04:46:00+00:00,0,1.0,54.41379310344828
287,4020332650,2016-04-12 04:47:00+00:00,0,1.0,57.46428571428572
288,4020332650,2016-04-12 04:48:00+00:00,0,1.0,55.61538461538461
289,4020332650,2016-04-12 04:49:00+00:00,0,1.0,61.54166666666666
290,4020332650,2016-04-12 04:50:00+00:00,0,1.0,60.81481481481482
291,4020332650,2016-04-12 04:51:00+00:00,0,1.0,56.79166666666666
292,4020332650,2016-04-12 04:52:00+00:00,0,1.0,56.04545454545455
293,4020332650,2016-04-12 04:53:00+00:00,0,2.0,57.0
294,4020332650,2016-04-12 04:54:00+00:00,0,2.0,57.65217391304348
295,4020332650,2016-04-12 04:55:00+00:00,0,1.0,63.6551724137931
296,4020332650,2016-04-12 04:56:00+00:00,0,1.0,56.41666666666666
297,4020332650,2016-04-12 04:57:00+00:00,0,1.0,61.88461538461539
298,4020332650,2016-04-12 04:58:00+00:00,0,1.0,63.375
299,4020332650,2016-04-12 04:59:00+00:00,0,1.0,61.04545454545455
300,5553957443,2016-04-12 00:00:00+00:00,0,1.0,59.333333333333336
301,5553957443,2016-04-12 00:01:00+00:00,0,1.0,58.66666666666666
302,5553957443,2016-04-12 00:02:00+00:00,0,1.0,59.4
303,5553957443,2016-04-12 00:03:00+00:00,0,1.0,56.8
304,5553957443,2016-04-12 00:04:00+00:00,0,1.0,56.4
305,5553957443,2016-04-12 00:05:00+00:00,0,1.0,59.4
306,5553957443,2016-04-12 00:06:00+00:00,0,1.0,58.16666666666666
307,5553957443,2016-04-12 00:07:00+00:00,0,1.0,58.0
308,5553957443,2016-04-12 00:08:00+00:00,0,1.0,58.6
309,5553957443,2016-04-12 00:09:00+00:00,0,1.0,57.833333333333336
310,5553957443,2016-04-12 00:10:00+00:00,0,1.0,58.5
311,5553957443,2016-04-12 00:11:00+00:00,0,1.0,58.6
312,5553957443,2016-04-12 00:12:00+00:00,0,1.0,59.4
313,5553957443,2016-04-12 00:13:00+00:00,0,1.0,59.2
314,5553957443,2016-04-12 00:14:00+00:00,0,1.0,60.0
315,5553957443,2016-04-12 00:15:00+00:00,0,1.0,61.22222222222222
316,5553957443,2016-04-12 00:16:00+00:00,2,2.0,63.6
317,5553957443,2016-04-12 00:17:00+00:00,0,1.0,57.0
318,5553957443,2016-04-12 00:18:00+00:00,0,1.0,59.6
319,5553957443,2016-04-12 00:19:00+00:00,0,2.0,56.0
320,5553957443,2016-04-12 00:20:00+00:00,0,2.0,54.8
321,5553957443,2016-04-12 00:21:00+00:00,0,2.0,54.6
322,5553957443,2016-04-12 00:22:00+00:00,0,1.0,54.5
323,5553957443,2016-04-12 00:23:00+00:00,0,1.0,55.16666666666666
324,5553957443,2016-04-12 00:24:00+00:00,0,1.0,55.833333333333336
325,5553957443,2016-04-12 00:25:00+00:00,0,1.0,54.0
326,5553957443,2016-04-12 00:26:00+00:00,0,1.0,55.5
327,5553957443,2016-04-12 00:27:00+00:00,0,1.0,56.2
328,5553957443,2016-04-12 00:28:00+00:00,0,1.0,56.4
329,5553957443,2016-04-12 00:29:00+00:00,0,1.0,56.5
330,5553957443,2016-04-12 00:30:00+00:00,0,1.0,57.2
331,5553957443,2016-04-12 00:31:00+00:00,0,1.0,57.6
332,5553957443,2016-04-12 00:32:00+00:00,0,1.0,57.333333333333336
333,5553957443,2016-04-12 00:33:00+00:00,0,1.0,58.0
334,5553957443,2016-04-12 00:34:00+00:00,0,1.0,57.6
335,5553957443,2016-04-12 00:35:00+00:00,0,1.0,55.66666666666666
336,5553957443,2016-04-12 00:36:00+00:00,0,1.0,57.4
337,5553957443,2016-04-12 00:37:00+00:00,0,1.0,58.0
338,5553957443,2016-04-12 00:38:00+00:00,0,1.0,58.4
339,5553957443,2016-04-12 00:39:00+00:00,0,1.0,58.16666666666666
340,5553957443,2016-04-12 00:40:00+00:00,0,1.0,58.0
341,5553957443,2016-04-12 00:41:00+00:00,0,1.0,58.6
342,5553957443,2016-04-12 00:42:00+00:00,0,1.0,57.4
343,5553957443,2016-04-12 00:43:00+00:00,0,1.0,56.0
344,5553957443,2016-04-12 00:44:00+00:00,0,1.0,56.4
345,5553957443,2016-04-12 00:45:00+00:00,0,1.0,57.16666666666666
346,5553957443,2016-04-12 00:46:00+00:00,0,1.0,59.2
347,5553957443,2016-04-12 00:47:00+00:00,0,1.0,59.2
348,5553957443,2016-04-12 00:48:00+00:00,0,1.0,58.6
349,5553957443,2016-04-12 00:49:00+00:00,0,1.0,58.57142857142857
350,5553957443,2016-04-12 00:50:00+00:00,0,1.0,56.2
351,5553957443,2016-04-12 00:51:00+00:00,0,1.0,56.6
352,5553957443,2016-04-12 00:52:00+00:00,0,1.0,56.8
353,5553957443,2016-04-12 00:53:00+00:00,0,1.0,57.25
354,5553957443,2016-04-12 00:54:00+00:00,0,1.0,56.8
355,5553957443,2016-04-12 00:55:00+00:00,0,1.0,56.333333333333336
356,5553957443,2016-04-12 00:56:00+00:00,0,1.0,59.2
357,5553957443,2016-04-12 00:57:00+00:00,0,1.0,60.0
358,5553957443,2016-04-12 00:58:00+00:00,0,1.0,56.8
359,5553957443,2016-04-12 00:59:00+00:00,0,1.0,55.4
360,5553957443,2016-04-12 01:00:00+00:00,0,1.0,55.66666666666666
361,5553957443,2016-04-12 01:01:00+00:00,0,1.0,55.4
362,5553957443,2016-04-12 01:02:00+00:00,0,1.0,54.8
363,5553957443,2016-04-12 01:03:00+00:00,0,1.0,56.6
364,5553957443,2016-04-12 01:04:00+00:00,0,1.0,56.8
365,5553957443,2016-04-12 01:05:00+00:00,0,1.0,55.6
366,5553957443,2016-04-12 01:06:00+00:00,0,1.0,58.0
367,5553957443,2016-04-12 01:07:00+00:00,0,1.0,59.4
368,5553957443,2016-04-12 01:08:00+00:00,0,1.0,61.0
369,5553957443,2016-04-12 01:09:00+00:00,0,1.0,64.33333333333333
370,5553957443,2016-04-12 01:10:00+00:00,0,1.0,61.833333333333336
371,5553957443,2016-04-12 01:11:00+00:00,0,1.0,59.6
372,5553957443,2016-04-12 01:12:00+00:00,0,1.0,57.75
373,5553957443,2016-04-12 01:13:00+00:00,0,1.0,60.6
374,5553957443,2016-04-12 01:14:00+00:00,0,1.0,58.5
375,5553957443,2016-04-12 01:15:00+00:00,0,1.0,58.16666666666666
376,5553957443,2016-04-12 01:16:00+00:00,0,1.0,54.6
377,5553957443,2016-04-12 01:17:00+00:00,0,1.0,55.66666666666666
378,5553957443,2016-04-12 01:18:00+00:00,0,1.0,56.16666666666666
379,5553957443,2016-04-12 01:19:00+00:00,0,1.0,57.0
380,5553957443,2016-04-12 01:20:00+00:00,0,1.0,57.333333333333336
381,5553957443,2016-04-12 01:21:00+00:00,0,1.0,60.2
382,5553957443,2016-04-12 01:22:00+00:00,0,1.0,59.16666666666666
383,5553957443,2016-04-12 01:23:00+00:00,0,1.0,55.8
384,5553957443,2016-04-12 01:24:00+00:00,0,1.0,57.5
385,5553957443,2016-04-12 01:25:00+00:00,0,1.0,56.2
386,5553957443,2016-04-12 01:26:00+00:00,0,1.0,56.8
387,5553957443,2016-04-12 01:27:00+00:00,0,1.0,57.8
388,5553957443,2016-04-12 01:28:00+00:00,0,1.0,58.2
389,5553957443,2016-04-12 01:29:00+00:00,0,1.0,58.2
390,5553957443,2016-04-12 01:30:00+00:00,0,1.0,59.0
391,5553957443,2016-04-12 01:31:00+00:00,0,1.0,59.0
392,5553957443,2016-04-12 01:32:00+00:00,0,1.0,59.16666666666666
393,5553957443,2016-04-12 01:33:00+00:00,0,1.0,58.8
394,5553957443,2016-04-12 01:34:00+00:00,0,1.0,58.6
395,5553957443,2016-04-12 01:35:00+00:00,0,1.0,60.0
396,5553957443,2016-04-12 01:36:00+00:00,0,1.0,59.16666666666666
397,5553957443,2016-04-12 01:37:00+00:00,0,1.0,59.2
398,5553957443,2016-04-12 01:38:00+00:00,0,1.0,58.6
399,5553957443,2016-04-12 01:39:00+00:00,0,1.0,59.0
400,5553957443,2016-04-12 01:40:00+00:00,0,1.0,57.833333333333336
401,5553957443,2016-04-12 01:41:00+00:00,0,1.0,59.5
402,5553957443,2016-04-12 01:42:00+00:00,0,1.0,59.6
403,5553957443,2016-04-12 01:43:00+00:00,0,1.0,59.4
404,5553957443,2016-04-12 01:44:00+00:00,0,1.0,59.75
405,5553957443,2016-04-12 01:45:00+00:00,0,1.0,60.2
406,5553957443,2016-04-12 01:46:00+00:00,0,1.0,60.0
407,5553957443,2016-04-12 01:47:00+00:00,0,1.0,58.6
408,5553957443,2016-04-12 01:48:00+00:00,0,1.0,59.333333333333336
409,5553957443,2016-04-12 01:49:00+00:00,0,1.0,59.25
410,5553957443,2016-04-12 01:50:00+00:00,0,1.0,57.833333333333336
411,5553957443,2016-04-12 01:51:00+00:00,0,1.0,59.4
412,5553957443,2016-04-12 01:52:00+00:00,0,1.0,60.0
413,5553957443,2016-04-12 01:53:00+00:00,0,1.0,59.75
414,5553957443,2016-04-12 01:54:00+00:00,0,1.0,59.8
415,5553957443,2016-04-12 01:55:00+00:00,0,1.0,60.6
416,5553957443,2016-04-12 01:56:00+00:00,0,1.0,64.5
417,5553957443,2016-04-12 01:57:00+00:00,0,1.0,56.833333333333336
418,5553957443,2016-04-12 01:58:00+00:00,0,1.0,57.4
419,5553957443,2016-04-12 01:59:00+00:00,0,1.0,56.4
420,5553957443,2016-04-12 02:00:00+00:00,0,1.0,56.0
421,5553957443,2016-04-12 02:01:00+00:00,0,1.0,56.2
422,5553957443,2016-04-12 02:02:00+00:00,0,1.0,55.75
423,5553957443,2016-04-12 02:03:00+00:00,0,1.0,55.0
424,5553957443,2016-04-12 02:04:00+00:00,0,1.0,55.0
425,5553957443,2016-04-12 02:05:00+00:00,0,1.0,55.0
426,5553957443,2016-04-12 02:06:00+00:00,0,1.0,55.0
427,5553957443,2016-04-12 02:07:00+00:00,0,1.0,60.71428571428572
428,5553957443,2016-04-12 02:08:00+00:00,0,2.0,60.0
429,5553957443,2016-04-12 02:09:00+00:00,0,2.0,60.0
430,5553957443,2016-04-12 02:10:00+00:00,0,1.0,60.0
431,5553957443,2016-04-12 02:11:00+00:00,0,1.0,60.0
432,5553957443,2016-04-12 02:12:00+00:00,0,1.0,59.0
433,5553957443,2016-04-12 02:13:00+00:00,0,1.0,60.285714285714285
434,5553957443,2016-04-12 02:14:00+00:00,0,1.0,59.5
435,5553957443,2016-04-12 02:15:00+00:00,0,1.0,58.6
436,5553957443,2016-04-12 02:16:00+00:00,0,1.0,60.2
437,5553957443,2016-04-12 02:17:00+00:00,0,1.0,63.8
438,5553957443,2016-04-12 02:18:00+00:00,0,1.0,64.8
439,5553957443,2016-04-12 02:19:00+00:00,0,2.0,67.33333333333333
440,5553957443,2016-04-12 02:20:00+00:00,0,2.0,64.83333333333333
441,5553957443,2016-04-12 02:21:00+00:00,0,2.0,64.0
442,5553957443,2016-04-12 02:22:00+00:00,0,1.0,64.0
443,5553957443,2016-04-12 02:23:00+00:00,0,1.0,59.2
444,5553957443,2016-04-12 02:24:00+00:00,0,1.0,59.6
445,5553957443,2016-04-12 02:25:00+00:00,0,1.0,61.2
446,5553957443,2016-04-12 02:26:00+00:00,0,1.0,60.833333333333336
447,5553957443,2016-04-12 02:27:00+00:00,0,1.0,60.8
448,5553957443,2016-04-12 02:28:00+00:00,0,1.0,59.5
449,5553957443,2016-04-12 02:29:00+00:00,0,1.0,59.5
450,5553957443,2016-04-12 02:30:00+00:00,0,1.0,60.6
451,5553957443,2016-04-12 02:31:00+00:00,0,1.0,60.4
452,5553957443,2016-04-12 02:32:00+00:00,0,1.0,60.16666666666666
453,5553957443,2016-04-12 02:33:00+00:00,0,1.0,59.75
454,5553957443,2016-04-12 02:34:00+00:00,0,1.0,60.6
455,5553957443,2016-04-12 02:35:00+00:00,0,1.0,60.6
456,5553957443,2016-04-12 02:36:00+00:00,0,1.0,61.8
457,5553957443,2016-04-12 02:37:00+00:00,0,1.0,60.4
458,5553957443,2016-04-12 02:38:00+00:00,0,1.0,61.0
459,5553957443,2016-04-12 02:39:00+00:00,0,1.0,61.2
460,5553957443,2016-04-12 02:40:00+00:00,0,1.0,61.8
461,5553957443,2016-04-12 02:41:00+00:00,0,1.0,61.16666666666666
462,5553957443,2016-04-12 02:42:00+00:00,0,1.0,61.4
463,5553957443,2016-04-12 02:43:00+00:00,0,1.0,65.2
464,5553957443,2016-04-12 02:44:00+00:00,0,1.0,60.2
465,5553957443,2016-04-12 02:45:00+00:00,0,1.0,59.0
466,5553957443,2016-04-12 02:46:00+00:00,0,1.0,58.833333333333336
467,5553957443,2016-04-12 02:47:00+00:00,0,1.0,59.0
468,5553957443,2016-04-12 02:48:00+00:00,0,1.0,58.0
469,5553957443,2016-04-12 02:49:00+00:00,0,1.0,57.8
470,5553957443,2016-04-12 02:50:00+00:00,0,1.0,59.0
471,5553957443,2016-04-12 02:51:00+00:00,0,1.0,59.5
472,5553957443,2016-04-12 02:52:00+00:00,0,1.0,59.333333333333336
473,5553957443,2016-04-12 02:53:00+00:00,0,1.0,60.4
474,5553957443,2016-04-12 02:54:00+00:00,0,1.0,58.833333333333336
475,5553957443,2016-04-12 02:55:00+00:00,0,1.0,56.8
476,5553957443,2016-04-12 02:56:00+00:00,0,1.0,58.6
477,5553957443,2016-04-12 02:57:00+00:00,0,1.0,59.5
478,5553957443,2016-04-12 02:58:00+00:00,0,1.0,59.4
479,5553957443,2016-04-12 02:59:00+00:00,0,1.0,58.2
480,5553957443,2016-04-12 03:00:00+00:00,0,1.0,58.6
481,5553957443,2016-04-12 03:01:00+00:00,0,1.0,59.5
482,5553957443,2016-04-12 03:02:00+00:00,0,1.0,61.0
483,5553957443,2016-04-12 03:03:00+00:00,0,1.0,60.66666666666666
484,5553957443,2016-04-12 03:04:00+00:00,0,1.0,59.833333333333336
485,5553957443,2016-04-12 03:05:00+00:00,0,1.0,60.25
486,5553957443,2016-04-12 03:06:00+00:00,0,1.0,58.333333333333336
487,5553957443,2016-04-12 03:07:00+00:00,0,1.0,60.2
488,5553957443,2016-04-12 03:08:00+00:00,0,1.0,59.0
489,5553957443,2016-04-12 03:09:00+00:00,0,1.0,59.8
490,5553957443,2016-04-12 03:10:00+00:00,0,1.0,57.5
491,5553957443,2016-04-12 03:11:00+00:00,0,1.0,54.6
492,5553957443,2016-04-12 03:12:00+00:00,0,1.0,55.0
493,5553957443,2016-04-12 03:13:00+00:00,0,1.0,54.0
494,5553957443,2016-04-12 03:14:00+00:00,0,1.0,55.6
495,5553957443,2016-04-12 03:15:00+00:00,0,1.0,54.25
496,5553957443,2016-04-12 03:16:00+00:00,0,1.0,56.333333333333336
497,5553957443,2016-04-12 03:17:00+00:00,0,1.0,57.16666666666666
498,5553957443,2016-04-12 03:18:00+00:00,0,1.0,57.8
499,5553957443,2016-04-12 03:19:00+00:00,0,1.0,59.2
500,5553957443,2016-04-12 03:20:00+00:00,0,1.0,60.75
501,5553957443,2016-04-12 03:21:00+00:00,0,1.0,62.66666666666666
502,5553957443,2016-04-12 03:22:00+00:00,0,1.0,61.333333333333336
503,5553957443,2016-04-12 03:23:00+00:00,0,1.0,58.0
504,5553957443,2016-04-12 03:24:00+00:00,0,1.0,58.5
505,5553957443,2016-04-12 03:25:00+00:00,0,2.0,60.0
506,5553957443,2016-04-12 03:26:00+00:00,0,2.0,60.66666666666666
507,5553957443,2016-04-12 03:27:00+00:00,0,2.0,57.2
508,5553957443,2016-04-12 03:28:00+00:00,0,1.0,58.0
509,5553957443,2016-04-12 03:29:00+00:00,0,1.0,57.6
510,5553957443,2016-04-12 03:30:00+00:00,0,1.0,57.25
511,5553957443,2016-04-12 03:31:00+00:00,0,1.0,56.333333333333336
512,5553957443,2016-04-12 03:32:00+00:00,0,1.0,57.4
513,5553957443,2016-04-12 03:33:00+00:00,0,1.0,58.0
514,5553957443,2016-04-12 03:34:00+00:00,0,1.0,56.4
515,5553957443,2016-04-12 03:35:00+00:00,0,1.0,57.0
516,5553957443,2016-04-12 03:36:00+00:00,0,1.0,58.2
517,5553957443,2016-04-12 03:37:00+00:00,0,1.0,57.2
518,5553957443,2016-04-12 03:38:00+00:00,0,1.0,58.0
519,5553957443,2016-04-12 03:39:00+00:00,0,1.0,57.6
520,5553957443,2016-04-12 03:40:00+00:00,0,1.0,58.16666666666666
521,5553957443,2016-04-12 03:41:00+00:00,0,1.0,57.5
522,5553957443,2016-04-12 03:42:00+00:00,0,1.0,59.0
523,5553957443,2016-04-12 03:43:00+00:00,0,1.0,59.0
524,5553957443,2016-04-12 03:44:00+00:00,0,1.0,59.0
525,5553957443,2016-04-12 03:45:00+00:00,0,1.0,58.6
526,5553957443,2016-04-12 03:46:00+00:00,0,1.0,57.0
527,5553957443,2016-04-12 03:47:00+00:00,0,1.0,58.8
528,5553957443,2016-04-12 03:48:00+00:00,0,1.0,57.8
529,5553957443,2016-04-12 03:49:00+00:00,0,1.0,59.16666666666666
530,5553957443,2016-04-12 03:50:00+00:00,0,1.0,58.6
531,5553957443,2016-04-12 03:51:00+00:00,0,1.0,59.75
532,5553957443,2016-04-12 03:52:00+00:00,0,1.0,60.0
533,5553957443,2016-04-12 03:53:00+00:00,0,1.0,59.25
534,5553957443,2016-04-12 03:54:00+00:00,0,1.0,59.6
535,5553957443,2016-04-12 03:55:00+00:00,0,1.0,58.75
536,5553957443,2016-04-12 03:56:00+00:00,0,1.0,60.0
537,5553957443,2016-04-12 03:57:00+00:00,0,1.0,60.2
538,5553957443,2016-04-12 03:58:00+00:00,0,1.0,59.0
539,5553957443,2016-04-12 03:59:00+00:00,0,1.0,59.5
540,5553957443,2016-04-12 04:00:00+00:00,0,1.0,59.0
541,5553957443,2016-04-12 04:01:00+00:00,0,1.0,58.8
542,5553957443,2016-04-12 04:02:00+00:00,0,1.0,57.4
543,5553957443,2016-04-12 04:03:00+00:00,0,1.0,58.2
544,5553957443,2016-04-12 04:04:00+00:00,0,1.0,60.4
545,5553957443,2016-04-12 04:05:00+00:00,0,1.0,63.5
546,5553957443,2016-04-12 04:06:00+00:00,0,1.0,58.0
547,5553957443,2016-04-12 04:07:00+00:00,0,1.0,55.0
548,5553957443,2016-04-12 04:08:00+00:00,0,1.0,54.6
549,5553957443,2016-04-12 04:09:00+00:00,0,1.0,55.0
550,5553957443,2016-04-12 04:10:00+00:00,0,1.0,55.0
551,5553957443,2016-04-12 04:11:00+00:00,0,1.0,54.8
552,5553957443,2016-04-12 04:12:00+00:00,0,1.0,54.8
553,5553957443,2016-04-12 04:13:00+00:00,0,1.0,55.333333333333336
554,5553957443,2016-04-12 04:14:00+00:00,0,1.0,54.0
555,5553957443,2016-04-12 04:15:00+00:00,0,1.0,52.8
556,5553957443,2016-04-12 04:16:00+00:00,0,1.0,54.5
557,5553957443,2016-04-12 04:17:00+00:00,0,1.0,53.5
558,5553957443,2016-04-12 04:18:00+00:00,0,1.0,54.8
559,5553957443,2016-04-12 04:19:00+00:00,0,1.0,55.4
560,5553957443,2016-04-12 04:20:00+00:00,0,1.0,56.2
561,5553957443,2016-04-12 04:21:00+00:00,0,1.0,55.0
562,5553957443,2016-04-12 04:22:00+00:00,0,1.0,55.4
563,5553957443,2016-04-12 04:23:00+00:00,0,1.0,55.4
564,5553957443,2016-04-12 04:24:00+00:00,0,1.0,55.25
565,5553957443,2016-04-12 04:25:00+00:00,0,1.0,53.66666666666666
566,5553957443,2016-04-12 04:26:00+00:00,0,1.0,52.8
567,5553957443,2016-04-12 04:27:00+00:00,0,1.0,56.16666666666666
568,5553957443,2016-04-12 04:28:00+00:00,0,1.0,58.75
569,5553957443,2016-04-12 04:29:00+00:00,0,1.0,55.0
570,5553957443,2016-04-12 04:30:00+00:00,0,1.0,54.6
571,5553957443,2016-04-12 04:31:00+00:00,0,1.0,55.75
572,5553957443,2016-04-12 04:32:00+00:00,0,1.0,61.66666666666666
573,5553957443,2016-04-12 04:33:00+00:00,0,2.0,65.2
574,5553957443,2016-04-12 04:34:00+00:00,0,2.0,59.2
575,5553957443,2016-04-12 04:35:00+00:00,0,1.0,59.5
576,5553957443,2016-04-12 04:36:00+00:00,0,1.0,57.333333333333336
577,5553957443,2016-04-12 04:37:00+00:00,0,1.0,58.0
578,5553957443,2016-04-12 04:38:00+00:00,0,1.0,56.8
579,5553957443,2016-04-12 04:39:00+00:00,0,1.0,63.8
580,5553957443,2016-04-12 04:40:00+00:00,0,1.0,62.0
581,5553957443,2016-04-12 04:41:00+00:00,0,1.0,60.0
582,5553957443,2016-04-12 04:42:00+00:00,0,1.0,60.2
583,5553957443,2016-04-12 04:43:00+00:00,0,1.0,60.4
584,5553957443,2016-04-12 04:44:00+00:00,0,1.0,59.6
585,5553957443,2016-04-12 04:45:00+00:00,0,1.0,56.333333333333336
586,5553957443,2016-04-12 04:46:00+00:00,0,1.0,56.0
587,5553957443,2016-04-12 04:47:00+00:00,0,1.0,55.4
588,5553957443,2016-04-12 04:48:00+00:00,0,1.0,54.8
589,5553957443,2016-04-12 04:49:00+00:00,0,1.0,55.833333333333336
590,5553957443,2016-04-12 04:50:00+00:00,0,1.0,61.85714285714285
591,5553957443,2016-04-12 04:51:00+00:00,0,1.0,57.333333333333336
592,5553957443,2016-04-12 04:52:00+00:00,0,1.0,58.16666666666666
593,5553957443,2016-04-12 04:53:00+00:00,0,1.0,57.5
594,5553957443,2016-04-12 04:54:00+00:00,0,1.0,57.2
595,5553957443,2016-04-12 04:55:00+00:00,0,1.0,57.5
596,5553957443,2016-04-12 04:56:00+00:00,0,1.0,58.16666666666666
597,5553957443,2016-04-12 04:57:00+00:00,0,1.0,57.8
598,5553957443,2016-04-12 04:58:00+00:00,0,1.0,57.5
599,5553957443,2016-04-12 04:59:00+00:00,0,1.0,65.16666666666667
600,5553957443,2016-04-12 05:00:00+00:00,0,1.0,57.333333333333336
601,5553957443,2016-04-12 05:01:00+00:00,0,1.0,53.0
602,5553957443,2016-04-12 05:02:00+00:00,0,1.0,53.0
603,5553957443,2016-04-12 05:03:00+00:00,0,1.0,55.66666666666666
604,5553957443,2016-04-12 05:04:00+00:00,0,2.0,58.66666666666666
605,5553957443,2016-04-12 05:05:00+00:00,0,2.0,59.8
606,5553957443,2016-04-12 05:06:00+00:00,0,1.0,57.8
607,5553957443,2016-04-12 05:07:00+00:00,0,1.0,56.6
608,5553957443,2016-04-12 05:08:00+00:00,0,1.0,55.8
609,5553957443,2016-04-12 05:09:00+00:00,0,1.0,56.0
610,5553957443,2016-04-12 05:10:00+00:00,0,1.0,56.2
611,5553957443,2016-04-12 05:11:00+00:00,0,1.0,55.8
612,5553957443,2016-04-12 05:12:00+00:00,0,1.0,56.2
613,5553957443,2016-04-12 05:13:00+00:00,0,1.0,56.5
614,5553957443,2016-04-12 05:14:00+00:00,0,1.0,56.5
615,5553957443,2016-04-12 05:15:00+00:00,0,1.0,57.0
616,5553957443,2016-04-12 05:16:00+00:00,0,1.0,57.0
617,5553957443,2016-04-12 05:17:00+00:00,0,1.0,56.6
618,5553957443,2016-04-12 05:18:00+00:00,0,1.0,56.6
619,5553957443,2016-04-12 05:19:00+00:00,0,1.0,56.8
620,5553957443,2016-04-12 05:20:00+00:00,0,1.0,55.6
621,5553957443,2016-04-12 05:21:00+00:00,0,1.0,56.0
622,5553957443,2016-04-12 05:22:00+00:00,0,1.0,56.4
623,5553957443,2016-04-12 05:23:00+00:00,0,1.0,57.0
624,5553957443,2016-04-12 05:24:00+00:00,0,1.0,55.5
625,5553957443,2016-04-12 05:25:00+00:00,0,1.0,55.833333333333336
626,5553957443,2016-04-12 05:26:00+00:00,0,1.0,57.4
627,5553957443,2016-04-12 05:27:00+00:00,0,1.0,57.0
657,5553957443,2016-04-12 05:57:00+00:00,0,1.0,69.4
658,5553957443,2016-04-12 05:58:00+00:00,0,1.0,57.8
659,5553957443,2016-04-12 05:59:00+00:00,0,1.0,56.8
660,5553957443,2016-04-12 06:00:00+00:00,0,1.0,57.5
661,5553957443,2016-04-12 06:01:00+00:00,0,1.0,59.16666666666666
662,5553957443,2016-04-12 06:02:00+00:00,17,3.0,67.88888888888889
663,5553957443,2016-04-12 06:03:00+00:00,13,3.0,70.0
664,8792009665,2016-04-12 02:12:00+00:00,0,1.0,70.0
665,8792009665,2016-04-12 02:13:00+00:00,0,1.0,70.0
668,8792009665,2016-04-12 02:16:00+00:00,0,2.0,105.33333333333331
669,8792009665,2016-04-12 02:17:00+00:00,0,2.0,115.2
670,8792009665,2016-04-12 02:18:00+00:00,0,2.0,75.66666666666667
671,8792009665,2016-04-12 02:19:00+00:00,7,2.0,70.6
672,8792009665,2016-04-12 02:20:00+00:00,0,2.0,70.0
673,8792009665,2016-04-12 02:21:00+00:00,0,3.0,69.8
674,8792009665,2016-04-12 02:22:00+00:00,0,3.0,65.0
675,8792009665,2016-04-12 02:23:00+00:00,0,2.0,61.833333333333336
676,8792009665,2016-04-12 02:24:00+00:00,0,2.0,64.33333333333333
677,8792009665,2016-04-12 02:25:00+00:00,0,2.0,63.57142857142857
678,8792009665,2016-04-12 02:26:00+00:00,0,2.0,64.2
679,8792009665,2016-04-12 02:27:00+00:00,0,2.0,64.16666666666667
680,8792009665,2016-04-12 02:28:00+00:00,0,2.0,63.16666666666666
681,8792009665,2016-04-12 02:29:00+00:00,0,2.0,62.833333333333336
682,8792009665,2016-04-12 02:30:00+00:00,0,1.0,62.333333333333336
683,8792009665,2016-04-12 02:31:00+00:00,0,1.0,60.6
684,8792009665,2016-04-12 02:32:00+00:00,0,1.0,60.4
685,8792009665,2016-04-12 02:33:00+00:00,0,1.0,60.4
686,8792009665,2016-04-12 02:34:00+00:00,0,1.0,60.2
687,8792009665,2016-04-12 02:35:00+00:00,0,1.0,61.0
688,8792009665,2016-04-12 02:36:00+00:00,0,1.0,61.0
689,8792009665,2016-04-12 02:37:00+00:00,0,1.0,60.2
690,8792009665,2016-04-12 02:38:00+00:00,0,1.0,60.6
691,8792009665,2016-04-12 02:39:00+00:00,0,1.0,61.0
692,8792009665,2016-04-12 02:40:00+00:00,0,1.0,60.2
693,8792009665,2016-04-12 02:41:00+00:00,0,1.0,60.2
694,8792009665,2016-04-12 02:42:00+00:00,0,1.0,60.333333333333336
695,8792009665,2016-04-12 02:43:00+00:00,0,1.0,60.25
696,8792009665,2016-04-12 02:44:00+00:00,0,1.0,59.66666666666666
697,8792009665,2016-04-12 02:45:00+00:00,0,1.0,59.5
698,8792009665,2016-04-12 02:46:00+00:00,0,1.0,59.8
699,8792009665,2016-04-12 02:47:00+00:00,0,1.0,59.8
700,8792009665,2016-04-12 02:48:00+00:00,0,1.0,60.2
701,8792009665,2016-04-12 02:49:00+00:00,0,1.0,59.6
702,8792009665,2016-04-12 02:50:00+00:00,0,1.0,59.5
703,8792009665,2016-04-12 02:51:00+00:00,0,1.0,59.0
704,8792009665,2016-04-12 02:52:00+00:00,0,1.0,59.8
705,8792009665,2016-04-12 02:53:00+00:00,0,1.0,59.75
706,8792009665,2016-04-12 02:54:00+00:00,0,1.0,59.833333333333336
707,8792009665,2016-04-12 02:55:00+00:00,0,1.0,60.0
708,8792009665,2016-04-12 02:56:00+00:00,0,1.0,60.5
709,8792009665,2016-04-12 02:57:00+00:00,0,1.0,59.16666666666666
710,8792009665,2016-04-12 02:58:00+00:00,0,1.0,59.5
711,8792009665,2016-04-12 02:59:00+00:00,0,1.0,59.5
712,8792009665,2016-04-12 03:00:00+00:00,0,1.0,59.4
713,8792009665,2016-04-12 03:01:00+00:00,0,1.0,59.16666666666666
714,8792009665,2016-04-12 03:02:00+00:00,0,1.0,59.333333333333336
715,8792009665,2016-04-12 03:03:00+00:00,0,1.0,59.4
716,8792009665,2016-04-12 03:04:00+00:00,0,1.0,59.4
717,8792009665,2016-04-12 03:05:00+00:00,0,1.0,59.16666666666666
718,8792009665,2016-04-12 03:06:00+00:00,0,1.0,60.0
719,8792009665,2016-04-12 03:07:00+00:00,0,1.0,59.4
720,8792009665,2016-04-12 03:08:00+00:00,0,1.0,59.5
721,8792009665,2016-04-12 03:09:00+00:00,0,1.0,59.8
722,8792009665,2016-04-12 03:10:00+00:00,0,1.0,60.0
723,8792009665,2016-04-12 03:11:00+00:00,0,1.0,60.0
724,8792009665,2016-04-12 03:12:00+00:00,0,1.0,59.66666666666666
725,8792009665,2016-04-12 03:13:00+00:00,0,1.0,60.2
726,8792009665,2016-04-12 03:14:00+00:00,0,1.0,60.0
727,8792009665,2016-04-12 03:15:00+00:00,0,1.0,59.8
728,8792009665,2016-04-12 03:16:00+00:00,0,1.0,60.2
729,8792009665,2016-04-12 03:17:00+00:00,0,1.0,59.8
730,8792009665,2016-04-12 03:18:00+00:00,0,1.0,59.0
731,8792009665,2016-04-12 03:19:00+00:00,0,1.0,54.8
732,8792009665,2016-04-12 03:20:00+00:00,0,1.0,56.8
733,8792009665,2016-04-12 03:21:00+00:00,0,1.0,58.2
734,8792009665,2016-04-12 03:22:00+00:00,0,1.0,58.0
735,8792009665,2016-04-12 03:23:00+00:00,0,1.0,57.8
736,8792009665,2016-04-12 03:24:00+00:00,0,1.0,58.0
737,8792009665,2016-04-12 03:25:00+00:00,0,1.0,58.0
738,8792009665,2016-04-12 03:26:00+00:00,0,1.0,58.16666666666666
739,8792009665,2016-04-12 03:27:00+00:00,0,1.0,57.2
740,8792009665,2016-04-12 03:28:00+00:00,0,1.0,57.4
741,8792009665,2016-04-12 03:29:00+00:00,0,1.0,58.0
742,8792009665,2016-04-12 03:30:00+00:00,0,1.0,58.0
743,8792009665,2016-04-12 03:31:00+00:00,0,1.0,57.66666666666666
744,8792009665,2016-04-12 03:32:00+00:00,0,1.0,56.8
745,8792009665,2016-04-12 03:33:00+00:00,0,1.0,58.0
746,8792009665,2016-04-12 03:34:00+00:00,0,1.0,57.0
747,8792009665,2016-04-12 03:35:00+00:00,0,1.0,57.0
748,8792009665,2016-04-12 03:36:00+00:00,0,1.0,57.5
749,8792009665,2016-04-12 03:37:00+00:00,0,1.0,57.2
750,8792009665,2016-04-12 03:38:00+00:00,0,2.0,57.4
751,8792009665,2016-04-12 03:39:00+00:00,0,1.0,58.0
752,8792009665,2016-04-12 03:40:00+00:00,0,1.0,56.833333333333336
753,8792009665,2016-04-12 03:41:00+00:00,0,1.0,58.8
754,8792009665,2016-04-12 03:42:00+00:00,0,1.0,58.833333333333336
755,8792009665,2016-04-12 03:43:00+00:00,0,1.0,58.8
756,8792009665,2016-04-12 03:44:00+00:00,0,1.0,59.0
757,8792009665,2016-04-12 03:45:00+00:00,0,1.0,57.8
758,8792009665,2016-04-12 03:46:00+00:00,0,1.0,59.0
759,8792009665,2016-04-12 03:47:00+00:00,0,1.0,59.66666666666666
760,8792009665,2016-04-12 03:48:00+00:00,0,1.0,58.333333333333336
761,8792009665,2016-04-12 03:49:00+00:00,0,1.0,58.6
762,8792009665,2016-04-12 03:50:00+00:00,0,1.0,59.0
763,8792009665,2016-04-12 03:51:00+00:00,0,1.0,60.66666666666666
764,8792009665,2016-04-12 03:52:00+00:00,0,1.0,59.833333333333336
765,8792009665,2016-04-12 03:53:00+00:00,0,1.0,60.16666666666666
766,8792009665,2016-04-12 03:54:00+00:00,0,1.0,60.0
767,8792009665,2016-04-12 03:55:00+00:00,0,1.0,60.66666666666666
768,8792009665,2016-04-12 03:56:00+00:00,0,1.0,59.66666666666666
769,8792009665,2016-04-12 03:57:00+00:00,0,1.0,60.833333333333336
770,8792009665,2016-04-12 03:58:00+00:00,0,1.0,63.2
771,8792009665,2016-04-12 03:59:00+00:00,0,2.0,61.5
772,8792009665,2016-04-12 04:00:00+00:00,0,2.0,73.5
773,8792009665,2016-04-12 04:01:00+00:00,0,1.0,60.333333333333336
774,8792009665,2016-04-12 04:02:00+00:00,0,2.0,60.16666666666666
775,8792009665,2016-04-12 04:03:00+00:00,0,2.0,60.66666666666666
776,8792009665,2016-04-12 04:04:00+00:00,0,2.0,60.6
777,8792009665,2016-04-12 04:05:00+00:00,0,1.0,60.0
778,8792009665,2016-04-12 04:06:00+00:00,0,1.0,60.833333333333336
779,8792009665,2016-04-12 04:07:00+00:00,0,1.0,58.833333333333336
780,8792009665,2016-04-12 04:08:00+00:00,0,1.0,60.0
781,8792009665,2016-04-12 04:09:00+00:00,0,1.0,60.4
782,8792009665,2016-04-12 04:10:00+00:00,0,1.0,59.0
783,8792009665,2016-04-12 04:11:00+00:00,0,1.0,60.5
784,8792009665,2016-04-12 04:12:00+00:00,0,1.0,60.5
785,8792009665,2016-04-12 04:13:00+00:00,0,1.0,59.66666666666666
786,8792009665,2016-04-12 04:14:00+00:00,0,1.0,59.0
787,8792009665,2016-04-12 04:15:00+00:00,0,1.0,60.6
788,8792009665,2016-04-12 04:16:00+00:00,0,1.0,60.0
789,8792009665,2016-04-12 04:17:00+00:00,0,1.0,59.5
790,8792009665,2016-04-12 04:18:00+00:00,0,1.0,60.333333333333336
791,8792009665,2016-04-12 04:19:00+00:00,0,1.0,60.5
792,8792009665,2016-04-12 04:20:00+00:00,0,1.0,58.833333333333336
793,8792009665,2016-04-12 04:21:00+00:00,0,1.0,59.75
794,8792009665,2016-04-12 04:22:00+00:00,0,1.0,59.333333333333336
795,8792009665,2016-04-12 04:23:00+00:00,0,1.0,60.5
796,8792009665,2016-04-12 04:24:00+00:00,0,1.0,60.0
797,8792009665,2016-04-12 04:25:00+00:00,0,1.0,58.8
798,8792009665,2016-04-12 04:26:00+00:00,0,1.0,58.0
799,8792009665,2016-04-12 04:27:00+00:00,0,1.0,58.0
800,8792009665,2016-04-12 04:28:00+00:00,0,1.0,60.0
801,8792009665,2016-04-12 04:29:00+00:00,0,1.0,61.0
802,8792009665,2016-04-12 04:30:00+00:00,0,1.0,61.0
803,8792009665,2016-04-12 04:31:00+00:00,0,1.0,59.833333333333336
804,8792009665,2016-04-12 04:32:00+00:00,0,1.0,60.2
805,8792009665,2016-04-12 04:33:00+00:00,0,1.0,58.0
806,8792009665,2016-04-12 04:34:00+00:00,0,1.0,58.0
807,8792009665,2016-04-12 04:35:00+00:00,0,1.0,58.0
808,8792009665,2016-04-12 04:36:00+00:00,0,1.0,57.0
809,8792009665,2016-04-12 04:37:00+00:00,0,1.0,57.2
810,8792009665,2016-04-12 04:38:00+00:00,0,1.0,56.5
811,8792009665,2016-04-12 04:39:00+00:00,0,1.0,59.0
812,8792009665,2016-04-12 04:40:00+00:00,0,1.0,59.333333333333336
813,8792009665,2016-04-12 04:41:00+00:00,0,1.0,59.2
814,8792009665,2016-04-12 04:42:00+00:00,0,1.0,59.0
815,8792009665,2016-04-12 04:43:00+00:00,0,1.0,59.0
816,8792009665,2016-04-12 04:44:00+00:00,0,1.0,59.16666666666666
817,8792009665,2016-04-12 04:45:00+00:00,0,1.0,61.6
818,8792009665,2016-04-12 04:46:00+00:00,0,1.0,64.16666666666667
819,8792009665,2016-04-12 04:47:00+00:00,0,1.0,64.0
820,8792009665,2016-04-12 04:48:00+00:00,0,1.0,64.0
821,8792009665,2016-04-12 04:49:00+00:00,0,1.0,64.0
822,8792009665,2016-04-12 04:50:00+00:00,0,1.0,64.0
823,8792009665,2016-04-12 04:51:00+00:00,0,1.0,64.0
824,8792009665,2016-04-12 04:52:00+00:00,0,1.0,64.0
825,8792009665,2016-04-12 04:53:00+00:00,0,1.0,64.0
826,8792009665,2016-04-12 04:54:00+00:00,0,1.0,61.833333333333336
827,8792009665,2016-04-12 04:55:00+00:00,0,1.0,61.6
828,8792009665,2016-04-12 04:56:00+00:00,0,1.0,62.0
829,8792009665,2016-04-12 04:57:00+00:00,0,1.0,61.0
830,8792009665,2016-04-12 04:58:00+00:00,0,1.0,60.333333333333336
831,8792009665,2016-04-12 04:59:00+00:00,0,1.0,68.16666666666667
832,8792009665,2016-04-12 05:00:00+00:00,0,1.0,59.833333333333336
833,8792009665,2016-04-12 05:01:00+00:00,0,1.0,65.66666666666667
834,8792009665,2016-04-12 05:02:00+00:00,0,1.0,64.5
835,8792009665,2016-04-12 05:03:00+00:00,0,1.0,64.71428571428571
836,8792009665,2016-04-12 05:04:00+00:00,0,1.0,62.16666666666666
837,8792009665,2016-04-12 05:05:00+00:00,0,1.0,55.16666666666666
838,8792009665,2016-04-12 05:06:00+00:00,0,1.0,58.5
839,8792009665,2016-04-12 05:07:00+00:00,0,1.0,58.66666666666666
840,8792009665,2016-04-12 05:08:00+00:00,0,1.0,62.66666666666666
841,8792009665,2016-04-12 05:09:00+00:00,0,1.0,59.66666666666666
842,8792009665,2016-04-12 05:10:00+00:00,0,1.0,59.16666666666666
843,8792009665,2016-04-12 05:11:00+00:00,0,1.0,58.0
844,8792009665,2016-04-12 05:12:00+00:00,0,1.0,60.8
845,8792009665,2016-04-12 05:13:00+00:00,0,1.0,59.833333333333336
846,8792009665,2016-04-12 05:14:00+00:00,0,1.0,61.4
847,8792009665,2016-04-12 05:15:00+00:00,0,1.0,61.6
848,8792009665,2016-04-12 05:16:00+00:00,0,1.0,63.66666666666666
849,8792009665,2016-04-12 05:17:00+00:00,0,1.0,56.5
850,8792009665,2016-04-12 05:18:00+00:00,0,1.0,57.0
851,8792009665,2016-04-12 05:19:00+00:00,0,1.0,59.16666666666666
852,8792009665,2016-04-12 05:20:00+00:00,0,1.0,59.333333333333336
853,8792009665,2016-04-12 05:21:00+00:00,0,1.0,58.16666666666666
854,8792009665,2016-04-12 05:22:00+00:00,0,1.0,53.833333333333336
855,8792009665,2016-04-12 05:23:00+00:00,0,1.0,54.25
856,8792009665,2016-04-12 05:24:00+00:00,0,1.0,65.33333333333333
857,8792009665,2016-04-12 05:25:00+00:00,0,1.0,65.5
858,8792009665,2016-04-12 05:26:00+00:00,0,1.0,66.0
859,8792009665,2016-04-12 05:27:00+00:00,0,1.0,71.4
860,8792009665,2016-04-12 05:28:00+00:00,0,1.0,60.2
861,8792009665,2016-04-12 05:29:00+00:00,0,1.0,57.8
862,8792009665,2016-04-12 05:30:00+00:00,0,1.0,57.5
863,8792009665,2016-04-12 05:31:00+00:00,0,1.0,60.0
864,8792009665,2016-04-12 05:32:00+00:00,0,1.0,57.2
865,8792009665,2016-04-12 05:33:00+00:00,0,1.0,57.0
866,8792009665,2016-04-12 05:34:00+00:00,0,1.0,56.0
867,8792009665,2016-04-12 05:35:00+00:00,0,1.0,56.2
868,8792009665,2016-04-12 05:36:00+00:00,0,1.0,56.0
869,8792009665,2016-04-12 05:37:00+00:00,0,1.0,56.66666666666666
870,8792009665,2016-04-12 05:38:00+00:00,0,1.0,58.2
871,8792009665,2016-04-12 05:39:00+00:00,0,1.0,57.0
872,8792009665,2016-04-12 05:40:00+00:00,0,1.0,56.4
873,8792009665,2016-04-12 05:41:00+00:00,0,1.0,55.8
874,8792009665,2016-04-12 05:42:00+00:00,0,1.0,56.0
875,8792009665,2016-04-12 05:43:00+00:00,0,1.0,57.2
876,8792009665,2016-04-12 05:44:00+00:00,0,1.0,58.4
877,8792009665,2016-04-12 05:45:00+00:00,0,1.0,58.0
878,8792009665,2016-04-12 05:46:00+00:00,0,1.0,56.333333333333336
879,8792009665,2016-04-12 05:47:00+00:00,0,1.0,57.4
880,8792009665,2016-04-12 05:48:00+00:00,0,1.0,56.4
881,8792009665,2016-04-12 05:49:00+00:00,0,1.0,58.0
882,8792009665,2016-04-12 05:50:00+00:00,0,1.0,58.833333333333336
883,8792009665,2016-04-12 05:51:00+00:00,0,1.0,59.4
884,8792009665,2016-04-12 05:52:00+00:00,0,1.0,59.0
885,8792009665,2016-04-12 05:53:00+00:00,0,1.0,58.8
886,8792009665,2016-04-12 05:54:00+00:00,0,1.0,56.833333333333336
887,8792009665,2016-04-12 05:55:00+00:00,0,1.0,58.4
888,8792009665,2016-04-12 05:56:00+00:00,0,1.0,58.2
889,8792009665,2016-04-12 05:57:00+00:00,0,1.0,58.5
890,8792009665,2016-04-12 05:58:00+00:00,0,1.0,57.16666666666666
891,8792009665,2016-04-12 05:59:00+00:00,0,1.0,58.6
892,8792009665,2016-04-12 06:00:00+00:00,0,1.0,59.2
893,8792009665,2016-04-12 06:01:00+00:00,0,1.0,58.8
894,8792009665,2016-04-12 06:02:00+00:00,0,1.0,59.4
895,8792009665,2016-04-12 06:03:00+00:00,0,1.0,60.6
896,8792009665,2016-04-12 06:04:00+00:00,0,1.0,60.333333333333336
897,8792009665,2016-04-12 06:05:00+00:00,0,1.0,59.8
898,8792009665,2016-04-12 06:06:00+00:00,0,1.0,60.4
899,8792009665,2016-04-12 06:07:00+00:00,0,1.0,58.25
900,8792009665,2016-04-12 06:08:00+00:00,0,1.0,57.8
901,8792009665,2016-04-12 06:09:00+00:00,0,1.0,58.4
902,8792009665,2016-04-12 06:10:00+00:00,0,1.0,58.5
903,8792009665,2016-04-12 06:11:00+00:00,0,1.0,59.0
904,8792009665,2016-04-12 06:12:00+00:00,0,1.0,60.0
905,8792009665,2016-04-12 06:13:00+00:00,0,1.0,60.2
906,8792009665,2016-04-12 06:14:00+00:00,0,1.0,60.333333333333336
907,8792009665,2016-04-12 06:15:00+00:00,0,1.0,75.8
908,8792009665,2016-04-12 06:16:00+00:00,0,1.0,57.8
909,8792009665,2016-04-12 06:17:00+00:00,0,1.0,55.8
910,8792009665,2016-04-12 06:18:00+00:00,0,1.0,57.5
911,8792009665,2016-04-12 06:19:00+00:00,0,1.0,58.6
912,8792009665,2016-04-12 06:20:00+00:00,0,1.0,58.0
913,8792009665,2016-04-12 06:21:00+00:00,0,1.0,57.833333333333336
914,8792009665,2016-04-12 06:22:00+00:00,0,1.0,58.16666666666666
915,8792009665,2016-04-12 06:23:00+00:00,0,1.0,57.5
916,8792009665,2016-04-12 06:24:00+00:00,0,1.0,57.833333333333336
917,8792009665,2016-04-12 06:25:00+00:00,0,1.0,58.16666666666666
918,8792009665,2016-04-12 06:26:00+00:00,0,1.0,58.8
919,8792009665,2016-04-12 06:27:00+00:00,0,1.0,57.16666666666666
920,8792009665,2016-04-12 06:28:00+00:00,0,1.0,57.5
921,8792009665,2016-04-12 06:29:00+00:00,0,1.0,58.0
922,8792009665,2016-04-12 06:30:00+00:00,0,1.0,57.0
923,8792009665,2016-04-12 06:31:00+00:00,0,1.0,56.5
924,8792009665,2016-04-12 06:32:00+00:00,0,1.0,54.2
925,8792009665,2016-04-12 06:33:00+00:00,0,1.0,56.8
926,8792009665,2016-04-12 06:34:00+00:00,0,1.0,55.2
927,8792009665,2016-04-12 06:35:00+00:00,0,1.0,55.833333333333336
928,8792009665,2016-04-12 06:36:00+00:00,0,1.0,55.0
929,8792009665,2016-04-12 06:37:00+00:00,0,1.0,55.833333333333336
930,8792009665,2016-04-12 06:38:00+00:00,0,1.0,55.8
931,8792009665,2016-04-12 06:39:00+00:00,0,1.0,58.333333333333336
932,8792009665,2016-04-12 06:40:00+00:00,0,1.0,55.66666666666666
933,8792009665,2016-04-12 06:41:00+00:00,0,1.0,56.833333333333336
934,8792009665,2016-04-12 06:42:00+00:00,0,1.0,57.0
935,8792009665,2016-04-12 06:43:00+00:00,0,1.0,57.0
936,8792009665,2016-04-12 06:44:00+00:00,0,1.0,57.0
937,8792009665,2016-04-12 06:45:00+00:00,0,1.0,58.16666666666666
938,8792009665,2016-04-12 06:46:00+00:00,0,1.0,58.66666666666666
939,8792009665,2016-04-12 06:47:00+00:00,0,1.0,57.833333333333336
940,8792009665,2016-04-12 06:48:00+00:00,0,1.0,57.4
941,8792009665,2016-04-12 06:49:00+00:00,0,1.0,56.833333333333336
942,8792009665,2016-04-12 06:50:00+00:00,0,1.0,57.6
943,8792009665,2016-04-12 06:51:00+00:00,0,1.0,58.0
944,8792009665,2016-04-12 06:52:00+00:00,0,1.0,56.66666666666666
945,8792009665,2016-04-12 06:53:00+00:00,0,1.0,58.66666666666666
946,8792009665,2016-04-12 06:54:00+00:00,0,1.0,58.5
947,8792009665,2016-04-12 06:55:00+00:00,0,1.0,58.16666666666666
948,8792009665,2016-04-12 06:56:00+00:00,0,1.0,58.16666666666666
949,8792009665,2016-04-12 06:57:00+00:00,0,1.0,59.2
950,8792009665,2016-04-12 06:58:00+00:00,0,1.0,65.5
951,8792009665,2016-04-12 06:59:00+00:00,0,1.0,70.5
952,8792009665,2016-04-12 07:00:00+00:00,0,1.0,63.8
953,8792009665,2016-04-12 07:01:00+00:00,0,1.0,62.5
954,8792009665,2016-04-12 07:02:00+00:00,0,1.0,61.16666666666666
955,8792009665,2016-04-12 07:03:00+00:00,0,1.0,59.0
956,8792009665,2016-04-12 07:04:00+00:00,0,1.0,59.0
957,8792009665,2016-04-12 07:05:00+00:00,0,1.0,59.0
958,8792009665,2016-04-12 07:06:00+00:00,0,1.0,59.833333333333336
959,8792009665,2016-04-12 07:07:00+00:00,0,1.0,61.0
960,8792009665,2016-04-12 07:08:00+00:00,0,1.0,61.0
961,8792009665,2016-04-12 07:09:00+00:00,0,1.0,61.0
962,8792009665,2016-04-12 07:10:00+00:00,0,1.0,60.6
963,8792009665,2016-04-12 07:11:00+00:00,0,1.0,61.0
964,8792009665,2016-04-12 07:12:00+00:00,0,1.0,60.8
965,8792009665,2016-04-12 07:13:00+00:00,0,1.0,60.5
966,8792009665,2016-04-12 07:14:00+00:00,0,1.0,61.8
967,8792009665,2016-04-12 07:15:00+00:00,0,1.0,62.8
968,8792009665,2016-04-12 07:16:00+00:00,0,1.0,63.0
969,8792009665,2016-04-12 07:17:00+00:00,0,1.0,60.4
970,8792009665,2016-04-12 07:18:00+00:00,0,1.0,61.0
971,8792009665,2016-04-12 07:19:00+00:00,0,1.0,62.16666666666666
972,8792009665,2016-04-12 07:20:00+00:00,0,1.0,62.75
973,8792009665,2016-04-12 07:21:00+00:00,0,1.0,61.8
974,8792009665,2016-04-12 07:22:00+00:00,0,1.0,65.83333333333333
975,8792009665,2016-04-12 07:23:00+00:00,0,1.0,65.83333333333333
976,8792009665,2016-04-12 07:24:00+00:00,0,1.0,55.8
977,8792009665,2016-04-12 07:25:00+00:00,0,1.0,56.4
978,8792009665,2016-04-12 07:26:00+00:00,0,1.0,67.33333333333333
979,8792009665,2016-04-12 07:27:00+00:00,0,1.0,55.0
980,8792009665,2016-04-12 07:28:00+00:00,0,1.0,56.4
981,8792009665,2016-04-12 07:29:00+00:00,0,1.0,57.4
982,8792009665,2016-04-12 07:30:00+00:00,0,1.0,58.0
983,8792009665,2016-04-12 07:31:00+00:00,0,1.0,58.333333333333336
984,8792009665,2016-04-12 07:32:00+00:00,0,1.0,58.6
985,8792009665,2016-04-12 07:33:00+00:00,0,1.0,56.833333333333336
986,8792009665,2016-04-12 07:34:00+00:00,0,1.0,56.0
987,8792009665,2016-04-12 07:35:00+00:00,0,1.0,51.5
988,8792009665,2016-04-12 07:36:00+00:00,0,1.0,54.66666666666666
989,8792009665,2016-04-12 07:37:00+00:00,0,1.0,58.0
990,8792009665,2016-04-12 07:38:00+00:00,0,1.0,57.833333333333336
991,8792009665,2016-04-12 07:39:00+00:00,0,1.0,51.833333333333336
992,8792009665,2016-04-12 07:40:00+00:00,0,1.0,57.5
993,8792009665,2016-04-12 07:41:00+00:00,0,1.0,60.833333333333336
994,8792009665,2016-04-12 07:42:00+00:00,0,1.0,61.333333333333336
995,8792009665,2016-04-12 07:43:00+00:00,0,1.0,57.142857142857146
996,8792009665,2016-04-12 07:44:00+00:00,0,1.0,61.333333333333336
997,8792009665,2016-04-12 07:45:00+00:00,0,1.0,60.16666666666666
998,8792009665,2016-04-12 07:46:00+00:00,0,1.0,55.333333333333336
999,8792009665,2016-04-12 07:47:00+00:00,0,1.0,49.833333333333336
1000,8792009665,2016-04-12 07:48:00+00:00,0,1.0,52.833333333333336
1001,8792009665,2016-04-12 07:49:00+00:00,0,1.0,53.16666666666666
1002,8792009665,2016-04-12 07:50:00+00:00,0,1.0,56.833333333333336
1003,8792009665,2016-04-12 07:51:00+00:00,0,1.0,55.0
1004,8792009665,2016-04-12 07:52:00+00:00,0,1.0,56.16666666666666
1005,8792009665,2016-04-12 07:53:00+00:00,0,1.0,57.5
1006,8792009665,2016-04-12 07:54:00+00:00,0,1.0,50.66666666666666
1007,8792009665,2016-04-12 07:55:00+00:00,0,1.0,50.5
1008,8792009665,2016-04-12 07:56:00+00:00,0,1.0,54.5
1009,8792009665,2016-04-12 07:57:00+00:00,0,1.0,58.0
1010,8792009665,2016-04-12 07:58:00+00:00,0,1.0,53.66666666666666
1011,8792009665,2016-04-12 07:59:00+00:00,0,1.0,56.0
1012,8792009665,2016-04-12 08:00:00+00:00,0,1.0,56.66666666666666
1013,8792009665,2016-04-12 08:01:00+00:00,0,1.0,54.5
1014,8792009665,2016-04-12 08:02:00+00:00,0,1.0,53.16666666666666
1015,8792009665,2016-04-12 08:03:00+00:00,0,1.0,54.66666666666666
1016,8792009665,2016-04-12 08:04:00+00:00,0,1.0,58.4
1017,8792009665,2016-04-12 08:05:00+00:00,0,1.0,58.333333333333336
1018,8792009665,2016-04-12 08:06:00+00:00,0,1.0,55.5
1019,8792009665,2016-04-12 08:07:00+00:00,0,1.0,52.16666666666666
1020,8792009665,2016-04-12 08:08:00+00:00,0,1.0,54.16666666666666
1021,8792009665,2016-04-12 08:09:00+00:00,0,1.0,53.833333333333336
1022,8792009665,2016-04-12 08:10:00+00:00,0,1.0,55.2
1023,8792009665,2016-04-12 08:11:00+00:00,0,1.0,56.75
1024,8792009665,2016-04-12 08:12:00+00:00,0,1.0,58.66666666666666
1025,8792009665,2016-04-12 08:13:00+00:00,0,1.0,56.333333333333336
1026,8792009665,2016-04-12 08:14:00+00:00,0,1.0,56.66666666666666
1027,8792009665,2016-04-12 08:15:00+00:00,0,1.0,58.16666666666666
1028,8792009665,2016-04-12 08:16:00+00:00,0,2.0,56.833333333333336
1029,8792009665,2016-04-12 08:17:00+00:00,0,1.0,80.77777777777777
1030,8792009665,2016-04-12 08:18:00+00:00,6,2.0,66.16666666666667
1031,8792009665,2016-04-12 08:19:00+00:00,0,1.0,55.0
1032,8792009665,2016-04-12 08:20:00+00:00,0,1.0,57.16666666666666
1033,8792009665,2016-04-12 08:21:00+00:00,0,1.0,71.66666666666667
1034,8792009665,2016-04-12 08:22:00+00:00,0,1.0,54.5
1035,8792009665,2016-04-12 08:23:00+00:00,0,1.0,54.8
1036,8792009665,2016-04-12 08:24:00+00:00,0,1.0,54.6
1037,8792009665,2016-04-12 08:25:00+00:00,0,1.0,54.4
1038,8792009665,2016-04-12 08:26:00+00:00,0,1.0,54.4
1039,8792009665,2016-04-12 08:27:00+00:00,0,1.0,55.25
1040,8792009665,2016-04-12 08:28:00+00:00,0,1.0,55.833333333333336
1041,8792009665,2016-04-12 08:29:00+00:00,0,1.0,55.2
1042,8792009665,2016-04-12 08:30:00+00:00,0,1.0,63.0
1043,8792009665,2016-04-12 08:31:00+00:00,0,2.0,65.33333333333333
1044,8792009665,2016-04-12 08:32:00+00:00,0,2.0,55.8
1045,8792009665,2016-04-12 08:33:00+00:00,0,2.0,56.2
1046,8792009665,2016-04-12 08:34:00+00:00,0,1.0,54.6
1047,8792009665,2016-04-12 08:35:00+00:00,0,1.0,55.8
1048,8792009665,2016-04-12 08:36:00+00:00,0,1.0,53.6
1049,8792009665,2016-04-12 08:37:00+00:00,0,1.0,54.5
1050,8792009665,2016-04-12 08:38:00+00:00,0,1.0,97.4
1051,8792009665,2016-04-12 08:39:00+00:00,6,2.0,88.6
1052,8792009665,2016-04-12 08:40:00+00:00,1,2.0,80.83333333333333
1053,8792009665,2016-04-12 08:41:00+00:00,0,2.0,72.42857142857143
1054,8792009665,2016-04-12 08:42:00+00:00,0,2.0,57.8
1055,8792009665,2016-04-12 08:43:00+00:00,0,3.0,55.2
1056,8792009665,2016-04-12 08:44:00+00:00,0,2.0,53.6
1057,8792009665,2016-04-12 08:45:00+00:00,0,2.0,52.6
1058,8792009665,2016-04-12 08:46:00+00:00,0,1.0,52.833333333333336
1059,8792009665,2016-04-12 08:47:00+00:00,0,1.0,53.0
1060,8792009665,2016-04-12 08:48:00+00:00,0,1.0,53.0
1061,8792009665,2016-04-12 08:49:00+00:00,0,1.0,54.0
1062,8792009665,2016-04-12 08:50:00+00:00,0,1.0,53.66666666666666
1063,8792009665,2016-04-12 08:51:00+00:00,0,1.0,54.4
1064,8792009665,2016-04-12 08:52:00+00:00,0,1.0,54.2
1065,8792009665,2016-04-12 08:53:00+00:00,0,1.0,53.2
1066,8792009665,2016-04-12 08:54:00+00:00,0,1.0,53.66666666666666
1067,8792009665,2016-04-12 08:55:00+00:00,0,1.0,54.333333333333336
1068,8792009665,2016-04-12 08:56:00+00:00,0,1.0,54.5
1069,8792009665,2016-04-12 08:57:00+00:00,0,1.0,55.0
1070,8792009665,2016-04-12 08:58:00+00:00,0,1.0,53.833333333333336
1071,8792009665,2016-04-12 08:59:00+00:00,0,1.0,55.5
1072,8792009665,2016-04-12 09:00:00+00:00,0,1.0,54.8
1073,8792009665,2016-04-12 09:01:00+00:00,0,1.0,53.833333333333336
1074,8792009665,2016-04-12 09:02:00+00:00,0,1.0,54.8
1075,8792009665,2016-04-12 09:03:00+00:00,0,1.0,54.4
1076,8792009665,2016-04-12 09:04:00+00:00,0,1.0,54.8
1077,8792009665,2016-04-12 09:05:00+00:00,0,1.0,54.16666666666666
1078,8792009665,2016-04-12 09:06:00+00:00,0,1.0,55.5
1079,8792009665,2016-04-12 09:07:00+00:00,0,1.0,55.8
1080,8792009665,2016-04-12 09:08:00+00:00,0,1.0,56.6
1081,8792009665,2016-04-12 09:09:00+00:00,0,1.0,56.0
1082,8792009665,2016-04-12 09:10:00+00:00,0,1.0,55.8
1083,8792009665,2016-04-12 09:11:00+00:00,0,1.0,56.6
1084,8792009665,2016-04-12 09:12:00+00:00,0,1.0,57.8
1085,8792009665,2016-04-12 09:13:00+00:00,0,1.0,58.0
1086,8792009665,2016-04-12 09:14:00+00:00,0,1.0,58.0
1087,8792009665,2016-04-12 09:15:00+00:00,0,1.0,57.5
1088,8792009665,2016-04-12 09:16:00+00:00,0,1.0,57.0
1089,8792009665,2016-04-12 09:17:00+00:00,0,1.0,73.71428571428571
1090,8792009665,2016-04-12 09:18:00+00:00,0,1.0,68.66666666666667
1091,8792009665,2016-04-12 09:19:00+00:00,0,1.0,59.0
1092,8792009665,2016-04-12 09:20:00+00:00,0,1.0,59.8
1093,8792009665,2016-04-12 09:21:00+00:00,0,1.0,59.6
1094,8792009665,2016-04-12 09:22:00+00:00,0,2.0,58.833333333333336
1095,8792009665,2016-04-12 09:23:00+00:00,0,1.0,58.6
1096,8792009665,2016-04-12 09:24:00+00:00,0,1.0,59.4
1097,8792009665,2016-04-12 09:25:00+00:00,0,1.0,57.57142857142857
1098,8792009665,2016-04-12 09:26:00+00:00,0,1.0,55.6
1099,8792009665,2016-04-12 09:27:00+00:00,0,1.0,57.333333333333336
1100,8792009665,2016-04-12 09:28:00+00:00,0,1.0,60.16666666666666
1101,8792009665,2016-04-12 09:29:00+00:00,0,1.0,59.6
1102,8792009665,2016-04-12 09:30:00+00:00,0,1.0,65.5
1103,8792009665,2016-04-12 09:31:00+00:00,0,1.0,61.66666666666666
1104,8792009665,2016-04-12 09:32:00+00:00,0,1.0,67.28571428571429
1105,8792009665,2016-04-12 09:33:00+00:00,0,1.0,62.833333333333336
1106,8792009665,2016-04-12 09:34:00+00:00,0,1.0,60.71428571428572
1107,8792009665,2016-04-12 09:35:00+00:00,0,1.0,62.16666666666666
1108,8792009665,2016-04-12 09:36:00+00:00,0,1.0,58.8
1109,8792009665,2016-04-12 09:37:00+00:00,0,2.0,56.333333333333336
1110,8792009665,2016-04-12 09:38:00+00:00,0,1.0,55.16666666666666
1111,8792009665,2016-04-12 09:39:00+00:00,0,2.0,57.16666666666666
1112,8792009665,2016-04-12 09:40:00+00:00,0,1.0,56.2
1113,8792009665,2016-04-12 09:41:00+00:00,0,1.0,58.0
1114,8792009665,2016-04-12 09:42:00+00:00,0,1.0,59.5
1115,8792009665,2016-04-12 09:43:00+00:00,0,1.0,57.16666666666666
1116,8792009665,2016-04-12 09:44:00+00:00,0,1.0,56.16666666666666
1117,8792009665,2016-04-12 09:45:00+00:00,0,1.0,55.0
1118,8792009665,2016-04-12 09:46:00+00:00,0,1.0,55.66666666666666
1119,8792009665,2016-04-12 09:47:00+00:00,0,1.0,55.66666666666666
1120,8792009665,2016-04-12 09:48:00+00:00,0,1.0,56.4
1121,8792009665,2016-04-12 09:49:00+00:00,0,1.0,55.333333333333336
1122,8792009665,2016-04-12 09:50:00+00:00,0,1.0,54.833333333333336
1123,8792009665,2016-04-12 09:51:00+00:00,0,1.0,55.833333333333336
1124,8792009665,2016-04-12 09:52:00+00:00,0,1.0,55.333333333333336
1125,8792009665,2016-04-12 09:53:00+00:00,0,1.0,55.2
1126,8792009665,2016-04-12 09:54:00+00:00,0,1.0,55.8
1127,8792009665,2016-04-12 09:55:00+00:00,0,1.0,55.2
1128,8792009665,2016-04-12 09:56:00+00:00,0,1.0,55.0
1129,8792009665,2016-04-12 09:57:00+00:00,0,1.0,57.333333333333336
1130,8792009665,2016-04-12 09:58:00+00:00,0,1.0,56.333333333333336
1131,8792009665,2016-04-12 09:59:00+00:00,0,1.0,54.833333333333336
